Price,Close,High,Low,Open,Volume
Ticker,1913.HK,1913.HK,1913.HK,1913.HK,1913.HK
Date,,,,,
2020-01-02,29.322935104370117,30.197558478249967,29.230869023957915,29.921361993027787,644378
2020-01-03,28.356246948242188,29.322938262668504,28.126082600428486,28.8626095670411,1583310
2020-01-06,27.48162078857422,27.987981601764897,26.975258219369096,27.987981601764897,1808760
2020-01-07,27.48162078857422,29.32293539074315,27.48162078857422,27.527652951222663,362100
2020-01-08,27.251455307006836,28.034014330927054,26.88319275340155,27.15938922960192,647586
2020-01-09,26.975257873535156,27.665750840496102,26.514929228894527,27.29748827598648,1918743
2020-01-10,26.238733291625977,27.205422763122204,25.640306392318102,27.205422763122204,736740
2020-01-13,26.791126251220703,27.067322723041954,26.23873155156386,26.23873155156386,826589
2020-01-14,27.021291732788086,27.11335781271869,26.468897009218896,26.69906133103819,650737
2020-01-15,26.238733291625977,27.205422763122204,25.91650288245575,27.205422763122204,6253600
2020-01-16,26.65302848815918,26.65302848815918,25.824435545966747,26.65302848815918,1588897
2020-01-17,26.514928817749023,26.606994896452438,26.054600180246336,26.42286449506,263759
2020-01-20,27.895915985107422,28.908639384371853,26.69906217616776,26.69906217616776,2670900
2020-01-21,27.343521118164062,28.54037484473091,27.113356804900103,27.75781582843058,643000
2020-01-22,28.540376663208008,29.461033974924394,27.02129245007886,27.159390695633427,1044850
2020-01-23,28.90863800048828,30.56582214432125,28.034014645367407,30.105493508147823,1077001
2020-01-24,29.00070571899414,29.138803966453118,27.98798231093748,28.678475304246863,547000
2020-01-29,27.205421447753906,28.126078711718698,27.159389286961417,28.126078711718698,1025650
2020-01-30,27.389554977416992,27.66575146806079,27.113358486773194,27.251456732095093,1000500
2020-01-31,27.573688507080078,27.80385284601726,27.205424159968953,27.251458081365115,1208295
2020-02-03,26.69906234741211,27.43558750286596,26.69906234741211,26.791128430847465,1671093
2020-02-04,26.791126251220703,27.25145487493235,26.606994099330308,26.699060175275505,617624
2020-02-05,26.745092391967773,27.527651405140265,25.87046905866916,26.376829843420236,1146167
2020-02-06,26.65302848815918,27.159389280819557,26.65302848815918,26.88319280409833,369200
2020-02-07,26.330799102783203,27.113358158141452,26.10063477803163,26.69906167118284,889080
2020-02-10,25.36410903930664,25.96253771570131,24.857748204219096,25.916503795047745,536085
2020-02-11,25.87047004699707,26.146666529955656,25.27204316324386,25.27204316324386,293700
2020-02-12,26.05459976196289,26.19269975580814,25.778403286301124,25.916501524132006,561100
2020-02-13,26.60699462890625,27.435585816876323,26.5149285511286,27.435585816876323,354700
2020-02-14,26.791126251220703,27.389553110842975,26.653028015310078,27.389553110842975,575200
2020-02-17,26.92922592163086,27.15939024574736,26.699061597514355,27.15939024574736,514900
2020-02-18,26.69906234741211,26.791128430847465,26.653030183701677,26.745094511122545,201800
2020-02-19,25.962535858154297,26.97525745587198,25.502207220641026,26.92922529452641,636000
2020-02-20,25.962535858154297,26.468896657013136,25.686337622037698,26.330798416962036,774455
2020-02-21,26.238733291625977,26.69906194586503,25.364108146165993,26.238733291625977,795750
2020-02-24,25.4561767578125,27.15939329894955,25.410144590220135,26.23873589898516,1133480
2020-02-25,24.397418975830078,25.41014237885988,23.798992069135256,24.857747635751398,1289757
2020-02-26,24.0751895904541,24.85774869693076,23.752959163550237,24.397420017357966,1829800
2020-02-27,23.89105796813965,24.167254459557373,23.614859720707454,23.937090131371114,606787
2020-02-28,23.29262924194336,24.167254388899803,23.29262924194336,23.47676140635981,786845
2020-03-02,23.062463760375977,23.798990625171243,22.83229944438015,23.66089238677662,1923856
2020-03-03,23.56882667541504,24.02915531455981,22.83229979917477,23.38469451735137,4850500
2020-03-04,23.89105796813965,24.48948487022103,23.476761474998593,24.397418787743636,361700
2020-03-05,24.213287353515625,24.535517773903795,24.121223024274308,24.305353438771462,1029900
2020-03-06,23.29262924194336,23.845023979178247,23.200564915749595,23.845023979178247,427489
2020-03-09,21.543380737304688,22.233873720910697,20.714789508180363,22.233873720910697,2689930
2020-03-10,21.865610122680664,22.18784051779673,21.405281488518966,22.095774439761513,969078
2020-03-11,20.66875648498535,22.095774555987095,20.622722567718412,22.095774555987095,868900
2020-03-12,19.42586898803711,20.898920989426472,18.965540347353834,20.898920989426472,1341022
2020-03-13,18.376319885253906,18.505213108499092,17.105813513369522,18.459179187334904,5453265
2020-03-16,19.057605743408203,19.702064763649922,17.731858814089232,18.41314496715214,6728500
2020-03-17,17.750274658203125,18.081710116051685,16.921681623545304,18.081710116051685,1383945
2020-03-18,18.15536117553711,19.103638818956533,17.492488557116825,17.731859663883313,1525820
2020-03-19,20.25446128845215,21.175118619745426,18.68934312284777,18.78140920718,2515900
2020-03-20,20.25446128845215,20.99098645108097,20.024296955628827,20.25446128845215,1974295
2020-03-23,18.376319885253906,19.471902624758002,17.915991209699275,19.471902624758002,3210000
2020-03-24,19.42586898803711,19.978263708059924,18.413145627331023,18.459177788993586,1435335
2020-03-25,21.083053588867188,21.681480532906434,20.02429795618012,21.35925185566463,1338000
2020-03-26,20.990985870361328,21.8195788504137,20.438592891679022,20.484625054564397,2442444
2020-03-27,21.17511749267578,21.773544374961563,20.714788851530656,20.714788851530656,1288500
2020-03-30,20.898921966552734,20.898921966552734,19.932230722311694,20.852888046723454,1025928
2020-03-31,20.898921966552734,22.04974362206743,20.162395053414635,21.68147928749114,1255290
2020-04-01,20.990985870361328,21.497348442172715,20.30049289099399,20.944953707475953,966949
2020-04-02,20.346527099609375,21.221150498986486,20.024296686780133,21.083052252349518,732370
2020-04-03,20.760822296142578,21.12908663662689,19.886198877528628,20.48462579679386,1339732
2020-04-06,21.359251022338867,21.54338143700544,20.714790180969562,20.85288843097312,297100
2020-04-07,22.832298278808594,22.832298278808594,21.773542830479336,21.911641061824145,1415106
2020-04-08,22.970399856567383,23.016432018198017,22.27990689602144,22.648169457109727,708700
2020-04-09,24.397418975830078,25.04187980212572,22.970400832479772,22.970400832479772,991000
2020-04-14,24.62758445739746,25.778406161014164,23.937091435227437,24.811716632381955,1325075
2020-04-15,24.85774803161621,25.456174947841106,24.259321115391316,24.85774803161621,748599
2020-04-16,23.84502410888672,24.5815510145445,23.154531122590686,24.167254520361094,1117200
2020-04-17,24.12122344970703,26.23873466786582,23.93709127594777,24.029157362827398,1563700
2020-04-20,24.765682220458984,25.410143064134807,23.75295879011749,25.31807697846476,412000
2020-04-21,24.58155059814453,24.673614923279565,23.98312194868016,24.58155059814453,523947
2020-04-22,23.56882667541504,24.075187476068525,23.154530197778985,23.476760596383205,1351633
2020-04-23,24.029155731201172,24.443450460006275,23.108498436948363,23.845023569944836,525745
2020-04-24,22.878334045410156,24.58155038592022,22.325939319296833,24.58155038592022,1733300
2020-04-27,22.18783950805664,22.740234195114784,21.957675201450275,22.60213420633952,649935
2020-04-28,23.29262924194336,23.338663161054704,22.602136259403366,22.602136259403366,537168
2020-04-29,23.108495712280273,23.84502075843482,23.0164296425074,23.0164296425074,316100
2020-05-04,22.279905319213867,23.154528620397354,22.18783924645395,22.418003550346597,411755
2020-05-05,22.740234375,22.832298693559377,22.003707534424795,22.14180576827817,469970
2020-05-06,23.6608943939209,24.21328739435866,22.23387446008462,22.648170966427465,1353600
2020-05-07,23.29262924194336,23.845023979178247,23.200564915749595,23.752957896970024,316186
2020-05-08,23.430727005004883,23.706923469230983,23.15452878476449,23.20056269947837,222800
2020-05-11,23.246597290039062,23.891058115337025,22.970400796919638,23.062465123949796,334700
2020-05-12,22.832298278808594,23.29262688730082,22.74023396192158,23.29262688730082,303900
2020-05-13,22.602134704589844,23.15452940382519,22.187839997174088,23.01643116801994,714600
2020-05-14,22.602134704589844,23.246595479700137,22.418004308854286,22.970399008089636,684300
2020-05-15,22.325939178466797,22.74023565944205,21.77354445583793,22.74023565944205,859404
2020-05-18,22.832298278808594,23.2005625704138,21.95767497628194,21.95767497628194,414700
2020-05-19,23.798994064331055,24.6736175378972,23.016434925655833,23.20056710746693,717124
2020-05-20,23.937089920043945,24.71964898017135,23.798991675554277,23.798991675554277,393600
2020-05-21,23.752958297729492,24.12122263277574,23.52279396633283,23.56882788622086,469604
2020-05-22,23.522794723510742,23.798992983686006,23.15453213262494,23.56882864488056,1434188
2020-05-25,23.246597290039062,23.752958112762837,22.325939971621676,23.062465123949796,160849
2020-05-26,23.89105796813965,24.58155095269843,23.752957966416318,23.752957966416318,301900
2020-05-27,23.476760864257812,24.259319910935957,23.200564380025252,23.937089508655024,1431934
2020-05-28,24.30535125732422,24.30535125732422,23.476760076418213,24.029154782360337,400100
2020-05-29,26.284765243530273,27.573686869858832,23.43072901498275,23.43072901498275,1653300
2020-06-01,26.92922592163086,27.57368673156284,26.192700786863824,26.23873294928135,1561200
2020-06-02,27.159391403198242,27.61972007104906,26.65303057096815,26.837160984499768,3169525
2020-06-03,26.88319206237793,27.389552841067566,26.330797368161935,27.15938853147876,2130664
2020-06-04,26.975257873535156,27.803850838699827,26.65302922709825,27.803850838699827,2570900
2020-06-05,27.159391403198242,27.159391403198242,26.97525923365211,26.97525923365211,3010800
2020-06-08,27.343521118164062,28.54037484473091,27.067322888638703,27.159388965147155,894300
2020-06-09,27.61971664428711,27.94194702300665,27.38955233891805,27.48161841226853,1063800
2020-06-10,27.021291732788086,27.849882940134666,26.883193490899394,27.849882940134666,1035846
2020-06-11,26.330799102783203,27.84988329494072,26.00856869692811,27.84988329494072,1869400
2020-06-12,25.824438095092773,26.745095449727305,24.90378074045824,25.36410941777551,763564
2020-06-15,25.087913513183594,25.82443871208223,25.087913513183594,25.778406545656537,594200
2020-06-16,25.54823875427246,25.962535220260996,24.90377797518237,24.90377797518237,1296173
2020-06-17,24.995847702026367,25.272045971692915,24.30535466188191,25.133945958852337,243144
2020-06-18,26.10063362121582,26.6530283273396,25.31807460054166,25.54823891509204,388300
2020-06-19,25.502208709716797,26.51493036656737,25.364108705587633,26.10063562222336,580900
2020-06-22,25.824438095092773,27.619720639035926,25.36410941777551,25.41014333911596,486261
2020-06-23,25.502208709716797,26.008569538142083,25.31807654155424,25.824437369979528,953500
2020-06-24,25.73237419128418,27.113360246143483,25.13394549603349,25.31807767242056,938900
2020-06-26,24.949811935424805,25.364106646129837,24.811713698523125,25.041878012030708,708924
2020-06-29,24.489486694335938,25.04188147433133,24.07519017033574,24.857749295661332,2173775
2020-06-30,24.765682220458984,25.410143064134807,24.627583969961176,25.410143064134807,587300
2020-07-02,24.58155059814453,25.179977491594457,24.443450598413097,24.76568100442904,823149
2020-07-03,25.318077087402344,25.732373596692923,24.857748413085936,24.857748413085936,639300
2020-07-06,25.133943557739258,25.68633828828599,25.133943557739258,25.179977476293242,555500
2020-07-07,25.226009368896484,25.732371931485233,24.811714642430513,25.133943288788128,354000
2020-07-08,25.68634033203125,25.87047250886887,25.410143822789404,25.410143822789404,438100
2020-07-09,24.949811935424805,26.054599586652586,24.857745858818898,25.962535266061035,754300
2020-07-10,24.397418975830078,25.31807629567272,24.075188562682257,24.90377979933774,680100
2020-07-13,24.903779983520508,25.41014256678759,24.581551324004035,24.857747819593722,393200
2020-07-14,25.226009368896484,25.686338013423843,24.85774680447748,24.85774680447748,1052220
2020-07-15,24.949811935424805,26.468896053371978,24.535515468705412,24.857745858818898,811792
2020-07-16,25.133943557739258,25.410141801019844,24.67361490828605,24.85774707047311,469700
2020-07-17,25.179977416992188,25.732372146237985,24.7196487686231,25.226009579423323,779600
2020-07-20,25.64030647277832,25.73237255511793,25.08791173475513,25.08791173475513,161800
2020-07-21,27.021291732788086,27.61971861831537,25.73237188180292,25.73237188180292,1158959
2020-07-22,25.778404235839844,26.422865044141613,25.64030599292216,26.376831125826097,661600
2020-07-23,26.284765243530273,27.52765295119599,25.916502674299732,26.56096348746401,629200
2020-07-24,24.949811935424805,26.56096212997788,24.857745858818898,25.962535266061035,1240900
2020-07-27,25.54823875427246,25.778403067374015,25.133942288283922,25.68633699093052,223168
2020-07-28,25.824438095092773,26.65303111907549,25.778405929766866,25.778405929766866,502275
2020-07-29,26.05459976196289,26.468896231469905,25.456172894019485,25.778403286301124,1049400
2020-07-30,27.343521118164062,28.54037484473091,26.05459955907441,26.05459955907441,1551300
2020-07-31,27.52765464782715,28.126081579211846,26.653031211500142,27.481622482341614,1047164
2020-08-03,27.297489166259766,27.573687415660658,26.9752587532993,27.435587412952973,1014500
2020-08-04,27.48162078857422,28.264179845698905,27.297488625951548,28.264179845698905,1079730
2020-08-05,27.7117862701416,27.98798276958568,27.251457600391788,27.38955585011383,500773
2020-08-06,27.389554977416992,28.08004796004095,27.205422812978153,28.08004796004095,423600
2020-08-07,27.803852081298828,27.941950329659967,27.159391247594183,27.619719912807643,1916245
2020-08-10,28.356246948242188,29.322938262668504,27.389557389830486,28.08005043327159,785940
2020-08-11,30.381689071655273,30.657885542628225,28.632440658126473,28.632440658126473,1951700
2020-08-12,30.427722930908203,30.611855092517086,29.092770905294312,30.3816907685132,1732200
2020-08-13,30.65788459777832,31.210281034728506,30.01342384401739,30.65788459777832,870470
2020-08-14,30.381689071655273,31.11821416492603,30.197556920330417,31.11821416492603,1308300
2020-08-17,30.381689071655273,31.072182005101986,30.059460440858278,31.072182005101986,896050
2020-08-18,30.473756790161133,30.842021133884817,30.105495958466516,30.381692460244746,1765700
2020-08-19,29.96739387512207,31.302347638585143,29.599133068944244,31.302347638585143,795822
2020-08-20,29.322935104370117,30.335658476875484,29.046736863133514,30.335658476875484,341488
2020-08-21,28.954673767089844,29.461034596816834,24.949814025382157,29.461034596816834,462900
2020-08-24,28.632444381713867,30.151528681647385,28.310213952997163,30.151528681647385,530000
2020-08-25,28.080047607421875,29.23086923067687,27.941949363834166,29.23086923067687,969900
2020-08-26,29.046737670898438,29.461034166267364,27.9879821067511,29.461034166267364,379200
2020-08-27,29.00070571899414,30.05946304688012,28.63244314043203,30.05946304688012,2241600
2020-08-28,28.862606048583984,29.230868608990434,28.494343488177538,28.540375649722943,844000
2020-08-31,27.98798179626465,29.875330330212417,27.481620979555064,29.875330330212417,669000
2020-09-01,28.1721134185791,29.36896719289193,28.1721134185791,28.63244206347087,651900
2020-09-02,28.44830894470215,29.0927697282449,27.94194815478596,29.0927697282449,413751
2020-09-03,29.322935104370117,30.335658476875484,28.172113489253665,28.172113489253665,1004945
2020-09-04,29.184837341308594,29.9673946476348,28.494344360892914,28.908639095533648,251440
2020-09-07,29.875329971313477,30.33565861952469,29.230869161412006,29.921362133728824,382100
2020-09-08,29.82929801940918,30.28962667086902,28.77054071623999,29.691198019159668,235250
2020-09-09,29.415000915527344,29.82929739558271,28.632441873208553,29.00070443547198,521400
2020-09-10,29.415000915527344,29.96739388091528,28.81657227633306,29.96739388091528,280896
2020-09-11,28.862606048583984,30.33565804622418,28.586407811268348,30.33565804622418,422000
2020-09-14,29.230873107910156,29.461037463090552,28.540380042368973,29.415005294460343,324600
2020-09-15,29.921361923217773,30.888051375254424,29.415001116153704,29.875329761126284,1007400
2020-09-16,29.0927734375,30.381693412905182,28.816575171046654,30.381693412905182,235600
2020-09-17,29.00070571899414,29.415002217385567,28.63244314043203,29.415002217385567,294100
2020-09-18,29.046737670898438,29.691198495691328,28.632442931543988,28.632442931543988,2349661
2020-09-21,28.862606048583984,29.96739372980333,28.586407811268348,29.27690077053584,306200
2020-09-22,28.77054214477539,29.276902984117623,28.448311721550997,28.954674316907766,154400
2020-09-23,28.44830894470215,28.862605413553112,28.264178546557336,28.35624286762256,430374
2020-09-24,27.895915985107422,28.86260722095666,27.481621246327297,28.448310726162063,444700
2020-09-25,28.724510192871094,29.092772783853636,27.619720663908918,27.619720663908918,912800
2020-09-28,29.64516830444336,30.013429148803954,28.356246569108315,29.27690394805358,1342270
2020-09-29,28.862606048583984,30.19755804955916,28.67847389037356,29.921361568257925,706300
2020-09-30,27.803852081298828,28.90863982420243,27.803852081298828,28.90863982420243,1791722
2020-10-05,28.402280807495117,28.954675592207774,27.98798427995697,28.448312974548415,811900
2020-10-06,29.64516830444336,29.921364815721102,28.678477002942074,28.862609181136968,809000
2020-10-07,29.461034774780273,29.875331278706426,28.77054177224636,29.645166944528455,433600
2020-10-08,30.28962516784668,30.565821642611468,29.230867917214812,29.78326086674439,1124700
2020-10-09,30.28962516784668,32.545232638449725,29.645164385376354,30.33565732830269,1661459
2020-10-12,29.96739387512207,30.42772251686597,29.921361713353445,30.289626031560093,119100
2020-10-14,29.00070571899414,29.599134384673864,29.00070571899414,29.461034381200395,387840
2020-10-15,27.803852081298828,29.000705908448026,27.711785997053234,28.770541575841296,496520
2020-10-16,27.343521118164062,28.54037484473091,26.791126415127692,28.494342684483858,846602
2020-10-19,28.26418113708496,28.72450980865954,27.389555958687453,27.481622044205274,776764
2020-10-20,28.77054214477539,29.276902984117623,28.540377807617187,29.00070648193359,508500
2020-10-21,30.565824508666992,31.578546181773664,30.19756016643054,30.381692337548767,2587200
2020-10-22,30.059463500976562,30.65788866366748,29.92136349541687,30.38169216457713,440000
2020-10-23,30.749956130981445,30.98012046276415,29.737230963920133,30.381691795317515,270500
2020-10-27,31.486480712890625,32.45317018624534,30.70391989196239,30.795987730204555,793400
2020-10-28,30.88804817199707,31.762673209147405,30.703916030697766,30.842016014679363,360300
2020-10-29,29.138803482055664,30.842019855107793,27.80385143745818,30.289626874454743,617028
2020-10-30,28.034015655517578,30.013426755170197,28.034015655517578,29.921362429429667,340200
2020-11-02,28.2181453704834,28.632441850205925,27.941948888011318,28.632441850205925,389912
2020-11-03,28.2181453704834,29.276900894645582,28.080047129247358,29.046736573914046,445800
2020-11-04,29.0927734375,30.381693412905182,28.40228040538852,29.0927734375,431200
2020-11-05,30.33565902709961,30.842019844529382,29.41500171830769,30.33565902709961,600911
2020-11-06,30.65788459777832,31.578541814000065,30.33565597691214,30.38168813531751,620500
2020-11-09,31.57854461669922,31.762676778691613,30.3356586693011,31.30234812972507,397690
2020-11-10,32.22300720214844,33.097632385755425,31.716646362806202,31.76267852783203,879759
2020-11-11,34.0643196105957,35.21514121906178,31.624576395836097,31.394412074142885,1577000
2020-11-12,33.6960563659668,34.84687801114366,33.05159905429092,34.52464935530571,1459241
2020-11-13,33.6960563659668,34.43258502850315,33.41985987353014,34.386549353072915,228004
2020-11-16,33.09762954711914,34.5246476127052,32.68333307336092,34.5246476127052,473900
2020-11-17,33.37382125854492,34.892906941331375,32.03886770579747,33.097624819500545,1249325
2020-11-18,32.867462158203125,34.3865444039851,32.821430001427025,34.3865444039851,579700
2020-11-19,33.92622375488281,34.34052028691858,33.32779855263493,33.92622375488281,891500
2020-11-20,32.959529876708984,34.84687659573298,32.407136914272776,34.84687659573298,1414920
2020-11-23,30.427722930908203,33.60399130456763,30.427722930908203,33.41985914295874,1413104
2020-11-24,32.45317077636719,33.1896959355527,31.900777784985298,32.2230064446199,2120252
2020-11-25,33.97225570678711,34.93894516744568,32.40713759751525,34.432584355865366,1514834
2020-11-26,34.29448318481445,34.89291181298513,33.281761596248884,33.281761596248884,788835
2020-11-27,35.49134063720703,35.67547281219191,34.11035459286412,34.11035459286412,667682
2020-11-30,35.445308685302734,36.08976954562316,34.89291566904474,35.12308001115709,584830
2020-12-01,37.28662109375,38.34537840616188,35.76753512585973,35.85960296417276,2176722
2020-12-02,36.78025817871094,37.51678328308978,35.53736877254472,36.78025817871094,2535356
2020-12-03,36.273895263671875,37.516781084988935,35.997695292687176,36.227859593822075,905785
2020-12-04,36.91835403442383,37.65488263834572,35.905632472074224,35.905632472074224,1023774
2020-12-07,37.7009162902832,37.7469484518431,36.64215901426145,37.28661981218648,645033
2020-12-08,39.03586959838867,40.3708198284045,37.010422904806745,37.516783700195035,2090900
2020-12-09,39.86445999145508,40.324788636880726,37.74694892490288,39.17396702331661,3081431
2020-12-10,41.3375129699707,41.659741610767334,40.09462354397916,40.96924865589274,2609761
2020-12-11,43.36296463012695,43.869329038884636,40.69306012372845,41.33752104321411,3303786
2020-12-14,42.948665618896484,44.19155160291693,41.65974395899981,42.99469778274373,4512458
2020-12-15,41.8899040222168,42.856593412631454,41.429575406588036,42.35023263784555,926883
2020-12-16,42.39626693725586,43.08675989555654,41.88990613690779,42.810563414642026,1487405
2020-12-17,42.53437042236328,43.27089560255413,41.42958089606246,43.13279559475562,3024230
2020-12-18,41.521644592285156,42.90263060105777,41.475612427731875,42.39626976691362,937560
2020-12-21,41.42958068847656,42.12007369995117,39.58826599121094,41.33751635842491,933326
2020-12-22,40.5089225769043,41.06131557086866,39.91049390675206,40.5089225769043,522100
2020-12-23,41.015281677246094,41.52164248570022,40.50892086879197,40.50892086879197,313600
2020-12-24,42.99469757080078,42.99469757080078,42.99469757080078,42.99469757080078,0
2020-12-28,43.40899658203125,43.915357435245156,42.21213918639762,43.04073222767796,277260
2020-12-29,43.961387634277344,44.1915519674411,43.270894634786075,43.54709113217678,159800
2020-12-30,46.861454010009766,47.413846938461965,43.961382355564254,43.961382355564254,1932750
2020-12-31,47.13765335083008,47.13765335083008,47.13765335083008,47.13765335083008,0
2021-01-04,45.75666809082031,47.41385051314585,43.86932134561542,46.95352186738715,1698776
2021-01-05,45.48046875,46.7693867699744,44.97410446183755,46.7693867699744,6635746
2021-01-06,44.23758316040039,45.480472639413556,43.91535450585749,45.480472639413556,5488007
2021-01-07,42.35023498535156,44.37568170879588,41.88990634420644,44.237581711640814,1892908
2021-01-08,43.178829193115234,43.31692568223574,42.028007556966415,42.35023621027652,1854600
2021-01-11,44.651878356933594,45.112206999788576,42.1661029831109,42.1661029831109,1550950
2021-01-12,44.467742919921875,45.38840013777545,44.191546456971516,44.74393938287223,639400
2021-01-13,46.309059143066406,46.53922345641369,44.28361248320463,45.066173255802596,1910600
2021-01-14,44.882041931152344,45.5725348839393,42.35023443760016,45.4344348885704,985119
2021-01-15,43.27089309692383,44.882043371809296,43.040728771940195,44.14551823426743,698500
2021-01-18,42.53437042236328,43.45502777560911,41.93594173794185,42.81056692593121,1776200
2021-01-19,43.86932373046875,44.32965240125214,40.41685869959332,42.534369882791104,1407100
2021-01-20,45.66459655761719,46.58525377460164,43.86931779412037,44.375678561056105,1353410
2021-01-21,44.191551208496094,46.26303017139435,43.869322552412385,45.664601510634384,648170
2021-01-22,44.467742919921875,44.92807152884866,43.82328216501866,44.28361077394545,491460
2021-01-25,45.342376708984375,45.940805420615156,43.362961904694174,44.32965497917917,770700
2021-01-26,43.27089309692383,45.11220769679293,43.22486093433288,44.92807553440024,910800
2021-01-27,44.92807388305664,45.572534671729265,43.73122013953819,44.237580933484985,1946100
2021-01-28,45.57253646850586,46.493193770899914,43.86932186388841,44.92807565442424,3037250
2021-01-29,44.007415771484375,45.84873026829986,43.77725145938244,44.65187654777554,2009100
2021-02-01,43.316925048828125,44.69791099201305,43.27089288646107,43.316925048828125,1343700
2021-02-02,43.27089309692383,44.51377904702392,43.1327930971221,44.19155039685838,763100
2021-02-03,43.59312057495117,43.73122057103966,41.56767737917868,43.73122057103966,1462767
2021-02-04,44.83600997924805,44.974106463232545,42.994695429891074,44.605845660578424,939450
2021-02-05,43.82328414916992,44.467744933251865,43.27089119825896,44.28361277893863,625459
2021-02-08,44.74394226074219,45.848731695630754,44.32964929568418,45.06617441493362,1092312
2021-02-09,47.36781692504883,47.41384908583321,44.74394161599421,46.58525614359938,5794018
2021-02-10,46.53922653198242,47.41385168290787,45.75666921969746,47.41385168290787,4488636
2021-02-11,45.06617736816406,45.06617736816406,45.06617736816406,45.06617736816406,0
2021-02-16,45.66459655761719,46.99955022465035,45.11220363223795,45.20426794912497,1087000
2021-02-17,43.961387634277344,46.53922746330561,43.59312329640373,46.49319529907866,4440212
2021-02-18,46.58525848388672,46.95352281271962,44.19155088255964,44.651879537586304,1667150
2021-02-19,46.26302719116211,46.585255826488066,45.572534248010435,46.585255826488066,1243000
2021-02-22,45.158241271972656,46.26303076885866,44.651880443575024,46.26303076885866,1870996
2021-02-23,44.32965087890625,45.71063684383132,44.19155087760217,45.158240350643936,1418400
2021-02-24,41.93593978881836,45.11220821229381,41.291478969094086,44.32965090321865,1607249
2021-02-25,43.13279342651367,44.19155073433535,42.212136119548354,42.212136119548354,1082600
2021-02-26,42.48833465576172,43.362956257588365,41.475609545813235,43.362956257588365,1072000
2021-03-01,42.672462463378906,44.09948402156057,42.07403735345862,42.304201667742284,670700
2021-03-02,42.39626693725586,44.6518779701105,41.613709655993276,44.6518779701105,1373619
2021-03-03,42.44230270385742,42.948667059245736,41.429581017139,42.396270538466425,1171704
2021-03-04,42.304203033447266,43.27089248224049,41.705774392179215,42.534367355161315,1497700
2021-03-05,42.35023498535156,42.902627949914184,41.06131338533368,42.81056362649669,1363279
2021-03-08,41.245445251464844,43.91535275596888,41.01528093252583,42.30420252339581,1434200
2021-03-09,43.961387634277344,45.57253796642363,40.14065829894739,41.15338347208532,1900900
2021-03-10,44.23758316040039,45.986833458850505,43.316925847959055,43.961386669073775,521900
2021-03-11,46.493194580078125,46.95352323928682,44.23758344754973,44.23758344754973,2391280
2021-03-12,48.1503791809082,48.51864352937808,46.03286795727918,46.953525316424766,1845100
2021-03-15,48.88690185546875,50.175823496897884,48.61070536431363,49.71549484096304,1240378
2021-03-16,48.104339599609375,49.53135758389064,47.69004314945583,49.53135758389064,692238
2021-03-17,47.92020797729492,48.79483304561256,47.73607582943406,48.79483304561256,846934
2021-03-18,47.64401626586914,48.56467358501637,47.505916263185476,47.92021275920752,750600
2021-03-19,46.03286361694336,47.82814600040991,45.84873146006983,46.21699577381689,2139300
2021-03-22,46.03286361694336,46.35509225745045,43.316923961137945,46.03286361694336,646400
2021-03-23,44.78997802734375,46.124928272246336,43.316924273753365,46.124928272246336,285876
2021-03-24,42.948665618896484,45.84873408562052,42.580401284060585,44.7439445931418,807800
2021-03-25,43.82328414916992,45.11220571733381,43.27089119825896,44.928073563020575,1674024
2021-03-26,44.37567901611328,44.83600762932602,43.50105394860337,44.19154686842247,498200
2021-03-29,43.178829193115234,45.15824030007385,42.85659702777621,45.15824030007385,705400
2021-03-30,43.73122024536133,45.066173986836006,43.27089161119963,43.73122024536133,110600
2021-03-31,44.697914123535156,46.44716451226622,44.14552111237225,44.14552111237225,541100
2021-04-01,45.48046875,46.907486759842094,43.547086451995455,45.756665217706754,622635
2021-04-07,44.5137825012207,46.263032911646874,44.14552165988778,46.2170007454839,511746
2021-04-08,44.97410583496094,45.894763096778185,44.4677450433672,45.020141507674786,719500
2021-04-09,45.112205505371094,45.94079843987307,44.7899768708585,45.94079843987307,517300
2021-04-12,44.467742919921875,45.848728746702236,42.99469277616758,45.848728746702236,948672
2021-04-13,45.66459655761719,45.986828690778886,44.513775036386626,45.57253224073017,531500
2021-04-14,47.09162521362305,48.10434690147402,46.0328678483005,46.170967856657036,1491947
2021-04-15,46.67732620239258,47.64401567306344,46.07889754758118,47.22971918219624,362500
2021-04-16,46.309059143066406,47.045584243371955,45.66459836328829,46.03286266945542,3735017
2021-04-19,46.309059143066406,47.27574855671923,45.34236972941358,47.27574855671923,297200
2021-04-20,45.29634094238281,46.40113043112951,44.421715784123805,46.40113043112951,658300
2021-04-21,43.178829193115234,45.756668955682805,42.58040053750628,45.756668955682805,1159018
2021-04-22,44.191551208496094,44.28361553536888,43.17882956477963,43.547090384299736,699300
2021-04-23,45.0201416015625,46.63129181310267,44.191548659387486,45.0201416015625,584423
2021-04-26,45.342376708984375,45.98683758796462,45.112212360207806,45.572541057760944,301300
2021-04-27,44.78997802734375,45.80269962941374,44.191549391193156,44.65187803068475,274300
2021-04-28,44.74394226074219,45.526503053468126,44.651877937846805,45.526503053468126,166200
2021-04-29,45.06617736816406,46.17096687545056,44.191552195227715,45.11220953262829,505700
2021-04-30,44.5137825012207,45.940804236476914,44.19155382605074,45.940804236476914,813600
2021-05-03,43.91535568237305,44.974109512827795,43.40899484937042,44.605848685202716,1047700
2021-05-04,44.0994873046875,45.06617679424141,43.91535513714652,44.329651636106476,262300
2021-05-05,44.191551208496094,44.78997986925606,44.09948688162331,44.32965121083422,266800
2021-05-06,44.651878356933594,45.572535642643565,44.32964971174663,44.4217140355061,1048537
2021-05-07,45.48046875,46.032861685413515,44.74394015341048,45.52650090927969,1010717
2021-05-10,46.21699142456055,46.44715572098562,45.296334238860254,45.986827128135474,1652600
2021-05-11,46.03286361694336,46.21699577381689,45.84873146006983,46.03286361694336,416158
2021-05-12,45.29634094238281,46.76939125269243,44.467747947815546,46.03286609753762,300104
2021-05-13,44.05344772338867,45.11220495886744,44.05344772338867,45.11220495886744,1165297
2021-05-14,45.52650451660156,46.032865332857206,43.77725422914143,44.19155071954292,881600
2021-05-17,46.493194580078125,46.95352323928682,45.618569425175814,46.677326746167395,700407
2021-05-18,46.58525848388672,46.95352281271962,45.43443684632006,46.95352281271962,1653452
2021-05-20,46.58525848388672,47.04558713891338,46.17096550398586,46.95352281271962,268300
2021-05-21,47.505916595458984,47.82814876663169,46.35509493847568,47.18368793631525,2001843
2021-05-24,48.104339599609375,48.518636049762925,46.631289456872956,47.505911003606634,604700
2021-05-25,49.71549606323242,49.89962823253909,47.96624572286264,48.79483872872812,704245
2021-05-26,49.25516891479492,49.94566193696494,45.43443945397581,49.02500457407158,1262458
2021-05-27,49.62342834472656,49.99168914615431,47.413849488044995,48.426571082007264,562675
2021-05-28,48.88690185546875,49.94565916893046,48.65673752750133,49.623430514587646,171300
2021-05-31,49.76152801513672,50.95838184247754,48.70277419219364,50.17582451630096,484162
2021-06-01,48.794837951660156,51.46474558401541,48.65673794887218,50.63615259134544,1256500
2021-06-02,49.88554763793945,51.04352231415771,47.19904850942804,48.82021305613361,631900
2021-06-03,48.310707092285156,50.76561139668085,48.310707092285156,50.20978494047839,377844
2021-06-04,47.29168701171875,48.912851624987276,46.64322045963966,48.773896778450734,1222240
2021-06-07,48.588619232177734,49.79291221621689,46.874814551862706,47.56959937348434,560850
2021-06-08,47.94015121459961,49.607634028335774,47.47696134779188,49.237084255204536,417300
2021-06-09,48.63493728637695,49.5613170442127,47.75487580966132,48.218065688579195,476900
2021-06-10,48.63493728637695,50.44137852092833,48.40334234691801,49.88554854591188,5158359
2021-06-11,51.8309440612793,52.24781562613006,49.653949682106685,50.02450296949804,1738350
2021-06-15,50.76560974121094,51.8772661512231,50.117143207548985,51.8772661512231,730190
2021-06-16,51.506710052490234,51.87726334708408,50.53401207150403,50.95088364445758,718192
2021-06-17,51.275115966796875,51.87726419691144,50.672971270540486,51.87726419691144,428680
2021-06-18,51.877262115478516,52.1088570356369,51.04351898936511,52.1088570356369,655474
2021-06-21,50.487693786621094,51.96989989708874,50.487693786621094,51.96989989708874,463600
2021-06-22,51.59934997558594,55.5827819771788,51.18247840398548,51.784626622281486,840413
2021-06-23,53.08155822753906,54.378491272985244,51.73830690201086,51.73830690201086,948300
2021-06-24,52.47941207885742,53.7300232760498,51.59935064601256,53.7300232760498,590670
2021-06-25,53.54474639892578,55.16591088742008,52.803643339528584,53.73002304723961,754000
2021-06-28,53.26683044433594,54.2858466566844,52.942598976913594,53.54474363553479,589350
2021-06-29,53.49843215942383,54.1932169926631,51.96990411275407,53.68370882172598,1540700
2021-06-30,54.61008834838867,55.99965800848071,52.479415576352565,53.683708574993986,776050
2021-07-02,52.52573013305664,55.53646418306416,52.34045348474609,54.65640275398265,936826
2021-07-05,54.239532470703125,54.332172563994106,52.10885979902572,52.10885979902572,722550
2021-07-06,53.73002624511719,54.19321612654061,52.80364648227034,53.73002624511719,626915
2021-07-07,52.43309020996094,53.73002321843187,51.553032311917974,53.73002321843187,768231
2021-07-08,50.02450942993164,53.63739208008122,49.42236114362054,52.06254570607093,665411
2021-07-09,49.839229583740234,50.02450623954725,47.986470093386636,49.74659302276587,715378
2021-07-12,50.30241775512695,50.39505784682657,48.959166463277,49.8392278982034,506650
2021-07-13,50.11714172363281,51.69198796336563,50.02450516464897,51.69198796336563,477800
2021-07-14,48.95916748046875,50.02450558707002,47.47696132106182,50.02450558707002,432641
2021-07-15,49.97818374633789,50.30241521627659,48.72756907545008,50.02450202292085,374700
2021-07-16,48.773895263671875,50.11714307443303,48.49597851151328,50.11714307443303,672800
2021-07-19,48.54229736328125,50.30241666099125,47.94014914883478,50.30241666099125,498598
2021-07-20,47.47696304321289,48.634937751583934,47.24536810153868,48.634937751583934,406900
2021-07-21,47.708553314208984,49.05180455118647,47.06008683423454,48.17174315221101,395800
2021-07-22,49.237083435058594,49.79290985242613,47.47696055696445,48.21806362474055,600890
2021-07-23,48.17174530029297,50.58033115176435,47.847513812776576,48.86653008827796,312728
2021-07-26,48.72757339477539,50.58033289319055,47.75487536487909,50.58033289319055,646650
2021-07-27,48.95916748046875,52.71100822658559,48.26438268064833,50.02450558707002,1309700
2021-07-28,49.46867752075195,50.48769377982911,47.70855467268255,49.83922728138995,888000
2021-07-29,50.34873580932617,50.765607385468385,49.14444289347167,50.58033073675428,271200
2021-07-30,56.23125457763672,60.49260377877519,50.950889009844744,52.34045871011324,3904000
2021-08-02,55.58278274536133,57.20394724210103,54.378489825983465,54.56376647523963,790900
2021-08-03,56.87971878051758,57.48186350529269,54.471129279842096,56.23125224057193,789146
2021-08-04,55.953338623046875,56.18493356182793,54.65640555232962,55.5364670264693,580916
2021-08-05,54.79536437988281,55.76806242399291,54.424811061241655,55.76806242399291,1098300
2021-08-06,54.74903869628906,55.25855035688498,54.424807215780845,54.424807215780845,266400
2021-08-09,52.757328033447266,54.93431905568423,52.247819872270355,54.74904239693126,459231
2021-08-10,51.877262115478516,52.80364179611206,49.46867635937451,52.80364179611206,1094700
2021-08-11,51.8309440612793,52.80364202335904,51.13615929781405,52.80364202335904,749400
2021-08-12,51.73830795288086,52.71100952365141,51.32143988981728,52.71100952365141,362200
2021-08-13,50.99720764160156,52.988925639141385,50.76561268997408,51.87726916455773,372300
2021-08-16,52.8499641418457,53.776343893793424,50.904568076298816,50.904568076298816,734300
2021-08-17,50.950889587402344,53.73002901944247,50.48769968206232,53.73002901944247,967800
2021-08-18,52.57204818725586,53.08155631754134,50.30241720632077,51.691986761931055,3463245
2021-08-19,45.02205276489258,51.50671077413231,43.07665677566392,51.13616100820494,2273860
2021-08-20,40.57543182373047,46.68954021576492,39.00058556212198,45.39260716882657,4804167
2021-08-23,43.35457229614258,46.041075028242574,42.61346919089862,43.53984895591815,4053676
2021-08-24,42.93769836425781,45.346287742874395,42.057640462349504,44.55886286503779,3622925
2021-08-25,44.46622848510742,45.62420318524043,43.63248528746833,45.11469502395357,1704879
2021-08-26,43.12297821044922,44.92941949484885,42.42819337290001,44.92941949484885,4325300
2021-08-27,41.594451904296875,43.44721139163556,40.85334528227478,43.30825301654185,1505319
2021-08-30,41.27021408081055,41.77972219857699,40.25119784527766,41.594449089467766,1422000
2021-08-31,42.61346435546875,42.891377546667606,40.99229995064113,41.27021314183999,1430900
2021-09-01,43.77143859863281,44.28094670094584,43.07665385897197,43.91039696010815,2329247
2021-09-02,43.95671844482422,44.60518495595069,43.53984686382448,43.53984686382448,798500
2021-09-03,43.4935302734375,44.651504969035635,43.308253615370134,44.651504969035635,340000
2021-09-06,41.91868591308594,43.215619045487244,41.501814296681346,42.798747429082646,1017400
2021-09-07,42.61346435546875,43.26193082417139,41.59444814312029,42.84505927044412,241900
2021-09-08,43.910400390625,44.00303694960721,42.56714908223377,43.40088871464825,463021
2021-09-09,43.030338287353516,43.817759628245014,42.42819006159544,43.539846421686725,672931
2021-09-10,43.40088653564453,44.188311382892316,42.613465222254774,42.613465222254774,317324
2021-09-13,42.56715393066406,42.98402556128239,41.270220754042285,42.15028230004573,556960
2021-09-14,40.29751968383789,42.56715080958434,40.01960646175551,42.56715080958434,811700
2021-09-15,40.43647766113281,42.4281920112031,39.88064768861728,40.297519284539355,700500
2021-09-16,39.69537353515625,41.548133159366266,38.76899372305124,40.39015839423501,799000
2021-09-17,40.529109954833984,41.03861805892317,39.60273029872349,39.78800693671718,1686227
2021-09-20,38.67634963989258,42.52082652662264,38.352118182203085,40.621745453745234,954000
2021-09-21,39.60272979736328,41.31653072592824,38.72266842842807,40.621745992641166,879100
2021-09-23,40.714385986328125,41.64076562863885,39.834324619361354,39.834324619361354,1447190
2021-09-24,39.51009750366211,40.89966711996171,39.371139128488835,39.8343290005887,488600
2021-09-27,38.49107360839844,40.251196350433126,38.4447553328413,39.00058170724282,177000
2021-09-28,37.6573371887207,38.444758540464036,37.10150723408582,38.074205237374116,1411300
2021-09-29,38.72267150878906,40.43647610754386,37.98156844110021,37.98156844110021,2983309
2021-09-30,39.880645751953125,40.760707181971874,38.63003455877679,40.760707181971874,738800
2021-10-04,40.62174987792969,42.61346771739469,40.4827950382966,41.36285649140575,1498300
2021-10-05,41.362857818603516,41.918684262686966,39.74169323385872,41.826047699959176,2992900
2021-10-06,39.926963806152344,44.234630840846044,39.37113739761166,41.87236330376097,4990264
2021-10-07,43.53984832763672,44.28095142218653,41.91868376224599,42.75242695227597,4389955
2021-10-08,43.53984832763672,44.46622807928856,41.73340710514396,44.46622807928856,773600
2021-10-11,43.53984832763672,44.51254636009949,42.659786856795805,43.91040164184078,850900
2021-10-12,44.46622848510742,45.022054927627934,43.49353044376737,44.46622848510742,1657200
2021-10-15,45.90211868286133,48.63493981747193,45.71684201488021,47.2453701084013,1512900
2021-10-18,43.678810119628906,46.27267292032356,43.44721516360512,45.902119577142074,1861100
2021-10-19,43.35457229614258,45.346290204477924,43.21561745170466,44.605187099233966,599100
2021-10-20,43.30825424194336,44.18831573010212,42.706105977977266,44.049357351076594,881155
2021-10-21,44.744144439697266,45.670524256394344,41.826050137416594,42.65978985212883,1199100
2021-10-22,44.97573471069336,46.31898601180741,44.55886312981546,44.74413978063432,743400
2021-10-25,44.37358856201172,45.39260480741036,44.37358856201172,45.16100988492357,1020000
2021-10-26,44.605186462402344,45.39260783788353,42.659786863320925,44.37359152445396,301100
2021-10-27,43.53984832763672,45.531566207231506,43.16929501343266,44.46622807928856,239250
2021-10-28,44.00303649902344,45.16101114373458,43.72512329106439,44.92941621479235,325500
2021-10-29,45.20732879638672,45.948431851961956,44.0030358893447,44.280949093453145,701200
2021-11-01,46.96745300292969,47.43064286778332,44.60518539894782,44.69782195837526,830730
2021-11-02,45.6705207824707,46.41162387268472,44.92941769225668,46.31898731160483,612400
2021-11-03,44.512542724609375,45.76315740751241,43.53984477159013,45.76315740751241,465200
2021-11-04,45.1610107421875,46.13370872832452,44.466225961538456,44.605184331211525,417845
2021-11-05,46.59689712524414,47.8011900006121,45.20732760739079,45.53156261520472,1161912
2021-11-08,46.78217697143555,47.89383336861755,46.31898710043124,46.550582035933395,1682900
2021-11-09,46.13370895385742,47.89383182031625,45.90211402584222,47.89383182031625,4842910
2021-11-10,46.78217697143555,47.43064349761324,45.62420229392477,45.62420229392477,1202900
2021-11-11,46.18002700805664,48.634934646619755,45.99475389363222,46.22634882052088,251400
2021-11-12,46.36530303955078,47.01376953298425,45.85579491394523,46.18002639373292,612700
2021-11-15,48.82020950317383,49.46867598143464,46.643215150002376,46.643215150002376,809000
2021-11-16,50.950889587402344,51.41407949274237,48.0327917702168,48.82021672960995,1372300
2021-11-17,51.691986083984375,53.08155562137029,50.71928811458585,50.95088303748351,1452364
2021-11-18,50.5803337097168,51.78463023021444,50.5803337097168,51.691990133483195,973937
2021-11-19,53.31315231323242,54.00793710497878,51.3214380305411,51.41407458923067,2264810
2021-11-22,51.228797912597656,52.803644146547015,51.228797912597656,52.803644146547015,939200
2021-11-23,50.76560974121094,52.80364590392351,50.76560974121094,52.80364590392351,630100
2021-11-24,50.5803337097168,52.75732827581315,50.2097839243669,52.75732827581315,874328
2021-11-25,49.97818374633789,51.18247660678476,49.09812235582972,50.765605049822156,419900
2021-11-26,46.55057907104492,49.65394959557136,46.272665872914764,49.65394959557136,1379600
2021-11-29,46.55057907104492,47.33800038805669,44.466224784281714,45.39260446728758,895631
2021-11-30,45.855796813964844,47.98646949450873,45.62420188056098,47.89383293469048,907830
2021-12-01,46.31898498535156,47.2453646850586,45.85579513549805,47.2453646850586,333080
2021-12-02,48.03278732299805,48.77389393001196,45.67051973125126,46.31898624545933,884262
2021-12-03,48.54229736328125,48.82021056461882,47.61591766958396,47.70855422541045,792600
2021-12-06,47.523277282714844,50.81192446800321,46.59689759481063,50.81192446800321,724636
2021-12-07,49.005489349365234,49.97818736343694,47.52327965443186,48.171746175099074,925664
2021-12-08,49.7465934753418,50.34873819486984,48.634937064244546,49.09812694104687,671200
2021-12-09,49.79290771484375,50.81192394755781,49.09812295603198,50.02450263444767,420400
2021-12-10,49.37603759765625,50.48769395105665,48.58861626150412,49.46867768852353,418200
2021-12-13,47.80119323730469,49.14444456895482,47.338003366656935,48.63493641801394,373900
2021-12-14,47.75487518310547,47.801193463617885,46.31898728407093,47.245367029752344,700000
2021-12-15,48.21806335449219,48.588616653232485,46.689538948369325,48.588616653232485,514800
2021-12-16,48.35702133178711,49.65395079911632,47.66223655269206,49.28340103724718,1000560
2021-12-17,46.31898498535156,48.35702103147865,45.994753503997345,47.569596166412815,570259
2021-12-20,43.16929244995117,46.13370818597563,42.89137924773034,45.39260513543404,987099
2021-12-21,43.725120544433594,44.095670287149865,42.15027441978011,42.15027441978011,647673
2021-12-22,44.37358856201172,45.29996825195887,43.86407690545433,44.46622511746321,434600
2021-12-23,45.06837463378906,46.82849397531315,44.1419949170317,44.37358984622104,160400
2021-12-24,43.864078521728516,45.20732982841872,43.63248359070808,45.20732982841872,320500
2021-12-28,44.790462493896484,45.114697548391625,43.864082681953576,43.864082681953576,113900
2021-12-29,44.095672607421875,44.32726753400257,43.400887827679774,44.32726753400257,335800
2021-12-30,45.02205276489258,45.34628778566946,44.32726797818832,44.929416206875274,285800
2021-12-31,46.226348876953125,46.68953873129591,44.69782094407868,46.133708785769684,329600
2022-01-03,44.697818756103516,45.948429888067885,44.327265477224756,45.855793335277184,397750
2022-01-04,45.80947494506836,47.013767797645315,45.438921667110236,45.48523994339051,924801
2022-01-05,45.1610107421875,46.41162193381251,44.92941581530449,45.346287390465534,280100
2022-01-06,44.00303649902344,45.94843248859489,42.984020225220895,45.577882722602226,729980
2022-01-07,42.75242614746094,44.466227242211204,42.520831213907755,43.539847507998466,772456
2022-01-10,44.14199447631836,44.55886251761063,41.594450280670266,42.613466545386245,868625
2022-01-11,43.58616256713867,45.39260362213822,43.21561282115029,45.39260362213822,978566
2022-01-12,44.327266693115234,44.327266693115234,43.12297380451264,43.539845371221475,633364
2022-01-13,44.280948638916016,45.29996842199774,43.35456894549159,45.29996842199774,323936
2022-01-14,44.14199447631836,44.280949312129735,43.12297467774424,44.280949312129735,995900
2022-01-17,43.53984832763672,45.392607830940406,43.16929501343266,44.14199657975374,214557
2022-01-18,44.605186462402344,44.605186462402344,41.7797253923454,43.53984833429645,443200
2022-01-19,46.31898498535156,47.430641331771625,45.392605285644535,46.04107178221108,1766600
2022-01-20,45.20732879638672,46.828493276520476,44.97573387065333,46.318985146678635,995150
2022-01-21,47.106407165527344,47.43064218658314,45.39260610372586,46.318985820128425,1548056
2022-01-24,45.25364685058594,47.06008796912935,44.46622552053635,47.06008796912935,1678854
2022-01-25,44.65150451660156,45.39260760750343,43.16929480093954,43.16929480093954,709580
2022-01-26,43.53984832763672,45.763161145144466,43.35457167053469,45.763161145144466,537900
2022-01-27,42.9840202331543,44.04935478617027,42.15027707526512,43.53984664917497,1053100
2022-01-28,42.891380310058594,43.910400121918066,42.61346710095444,42.61346710095444,459100
2022-01-31,43.725120544433594,43.725120544433594,43.725120544433594,43.725120544433594,0
2022-02-04,45.9947509765625,46.226345888763,45.20732615476605,45.80947434003052,766028
2022-02-07,44.605186462402344,46.31898758967707,44.09567477182925,46.31898758967707,618080
2022-02-08,44.095672607421875,45.022052313744666,43.725122845207636,44.697820830074946,1261900
2022-02-09,43.447208404541016,45.022051033418265,42.79874192178437,45.022051033418265,653000
2022-02-10,42.9840202331543,44.280949715155245,42.42819028327546,44.280949715155245,520000
2022-02-11,42.891380310058594,43.44721026212508,41.918682311264966,42.61346710095444,426550
2022-02-14,42.61346435546875,43.53984401537024,41.872361334319145,42.79874099422064,404788
2022-02-15,43.53984832763672,44.00303820346264,42.52083201436301,43.864079827171544,507100
2022-02-16,45.02205276489258,45.253647693793994,43.72512328335953,44.83677964885798,376300
2022-02-17,46.45794677734375,46.50426505897068,43.72512575505441,43.72512575505441,731094
2022-02-18,46.226348876953125,46.73585700995856,45.346287446930205,46.45794380412452,339200
2022-02-21,45.43892288208008,46.226347735331174,43.81775843191717,46.226347735331174,379785
2022-02-22,44.327266693115234,45.346286471054405,43.12297380451264,44.46622505997087,288800
2022-02-23,44.512542724609375,47.24536347555525,43.354568129620276,45.20732748160283,1068400
2022-02-24,43.30825424194336,46.133711833309164,43.169295862917835,45.8557986091165,1189000
2022-02-25,43.95671844482422,44.00303672407793,43.07665700357102,43.308251933697754,426154
2022-02-28,45.1610107421875,45.670518874558496,42.75242491614742,42.75242491614742,742510
2022-03-01,44.929420471191406,45.253651988883405,43.076660864131966,45.16101542207384,485602
2022-03-02,42.93769836425781,44.512544586072856,42.89138008529288,44.003036449742204,1069600
2022-03-03,42.798744201660156,42.937699040744214,41.6870878196966,41.6870878196966,468017
2022-03-04,38.90795135498047,42.79874719725021,38.49107974083398,42.79874719725021,1012617
2022-03-07,35.897216796875,38.35212464943047,35.109795390357895,37.796294656131536,1207300
2022-03-08,34.36868667602539,36.962552755154896,34.322368396153415,35.34138822262807,1031885
2022-03-09,34.229732513427734,35.34138892163342,33.627584261607645,34.739240669813334,570899
2022-03-10,36.63832092285156,37.194150931353136,35.572986257475996,35.665622825296985,789243
2022-03-11,36.63832092285156,37.1015108296736,34.73924301165291,36.49936607112007,2148000
2022-03-14,35.10979080200195,36.638315132635896,34.78555579815258,36.638315132635896,2425500
2022-03-15,35.10979080200195,37.51837652328706,34.276047687941265,37.055186689666236,3627300
2022-03-16,37.79629135131836,37.98156799955122,35.20242887763283,35.20242887763283,1430945
2022-03-17,40.39015197753906,41.9649981146969,39.6490489523642,40.297515424588944,1418274
2022-03-18,41.68708801269531,42.103959599593914,40.29751841227213,40.57543162558512,1829360
2022-03-21,42.61346435546875,44.69781859024711,42.61346435546875,43.400885652841836,1606400
2022-03-22,42.15027618408203,43.53984572861221,41.73340461395136,43.53984572861221,638500
2022-03-23,41.45549011230469,43.53984436376135,41.17757691888206,42.15027486279024,1280455
2022-03-24,42.057640075683594,42.61346648586907,40.71438879490088,42.242913189839996,864523
2022-03-25,41.17757797241211,42.42818914173985,40.39015311473406,42.42818914173985,713000
2022-03-28,41.826045989990234,45.29996995813367,40.575431241143676,40.575431241143676,1470514
2022-03-29,45.80947494506836,51.41407118757271,41.73340302296085,41.73340302296085,1938034
2022-03-30,47.47696304321289,48.68125603314711,43.86408053955188,46.22635177171551,1637536
2022-03-31,46.08739471435547,47.52328268712651,45.299973303633486,47.52328268712651,633500
2022-04-01,46.55057907104492,47.15272727854195,44.373588229524344,46.087389229541984,706877
2022-04-04,46.59689712524414,47.89383008878381,45.855794089160625,47.24536360701398,844904
2022-04-06,46.08739471435547,47.106411073390795,45.253651486884046,47.06009279049982,1377822
2022-04-07,44.18831253051758,46.55058006589589,44.09567243992232,45.53156380635485,749605
2022-04-08,44.00303649902344,45.34628779366,42.93769841234592,44.18831314894885,1144790
2022-04-11,42.057640075683594,44.883097472866325,41.87236342766906,44.41990761975905,1598600
2022-04-12,41.87236404418945,43.49352855393462,41.687087393446944,42.05764069493197,1006776
2022-04-13,44.697818756103516,46.133706527507265,41.872361489691365,41.872361489691365,1575449
2022-04-14,45.71683883666992,46.087392146871494,44.83678090919316,44.83678090919316,374260
2022-04-19,44.883094787597656,45.25364452759932,44.18831004950437,44.4662232379701,540248
2022-04-20,45.39260482788086,45.57788147272546,43.447208891657766,43.53984544715103,2098502
2022-04-21,44.97573471069336,45.809477872449165,44.37359001285478,45.299969733090926,1103749
2022-04-22,44.00303649902344,44.69782128585012,43.72512329106439,44.466226356907896,774504
2022-04-25,41.77972412109375,43.91040031247444,41.50181091078355,43.91040031247444,790569
2022-04-26,42.33555221557617,43.07665525512937,41.687085730770356,41.77972228551774,577964
2022-04-27,43.261932373046875,43.49352729631387,42.01131766709024,42.33555267997888,981093
2022-04-28,42.75242614746094,43.956719095165845,42.613467773785736,42.70610433366371,589017
2022-04-29,45.39260482788086,46.22634796275251,42.61346575678611,42.75242412388408,970881
2022-05-03,44.095672607421875,45.11469240469183,43.63248275426047,45.11469240469183,724335
2022-05-04,43.365966796875,44.35049073311526,43.131556165540545,43.60037742820946,762537
2022-05-05,43.92854690551758,44.53801592255505,43.178433668502116,43.178433668502116,2180530
2022-05-06,42.193912506103516,42.89714438120524,41.959501881069606,42.80338156192059,1780068
2022-05-10,41.81885528564453,43.50661469619374,41.631329641647845,42.19391372728266,1468389
2022-05-11,44.20984649658203,44.58490136059128,41.068741890878684,41.30315252219285,704112
2022-05-12,41.912620544433594,44.49113742429803,41.53756211299713,44.49113742429803,629425
2022-05-13,42.6627311706543,42.6627311706543,40.693683470429846,40.693683470429846,1224204
2022-05-16,42.94402313232422,43.178433742846536,42.00638069023495,42.662731115061845,712657
2022-05-17,43.17843246459961,44.25672267180958,42.990903266368925,43.97543066287453,431004
2022-05-18,43.647254943847656,44.02231335123996,42.85026029916659,43.60037353712913,680940
2022-05-19,40.553035736083984,43.55349227469623,40.412387938640414,43.55349227469623,342747
2022-05-20,41.53756332397461,42.100150987530874,40.74056860496455,40.74056860496455,425252
2022-05-23,42.28767395019531,42.42832175137071,40.693684613259,40.693684613259,480855
2022-05-24,42.193912506103516,43.41284704091538,41.49068063100179,42.287675325388165,429814
2022-05-25,41.81885528564453,42.47520577010007,41.06874197919065,41.06874197919065,987579
2022-05-26,40.834327697753906,41.81885154803299,40.36550647601891,41.81885154803299,413744
2022-05-27,41.25626754760742,42.3814391960884,40.459272900712016,40.459272900712016,1073300
2022-05-30,42.94402313232422,43.31908153988875,41.39691524897015,41.39691524897015,422111
2022-05-31,45.428775787353516,46.08512619416048,43.45972456693264,43.600372360113404,1363700
2022-06-01,44.58489990234375,45.053721149638264,44.30360786933149,45.053721149638264,464720
2022-06-02,44.20984649658203,44.44425712789621,43.64725883533459,43.88166946664876,296189
2022-06-06,44.2567253112793,45.006838572116806,43.55349345858997,44.67866513825732,596417
2022-06-07,44.06919860839844,44.91307831035204,43.88166938831738,44.256727828479505,674700
2022-06-08,44.725547790527344,45.33501326705151,44.20984513290774,44.4442557569914,472300
2022-06-09,43.60037612915039,44.2567265926956,43.17843628995545,44.2567265926956,470463
2022-06-10,42.89714050292969,44.022312116731584,42.61584849368471,42.709611304492384,534032
2022-06-13,41.49067687988281,42.61584849368471,41.25626627604167,42.61584849368471,383489
2022-06-14,40.50615692138672,41.35003302958547,38.9121639479149,41.35003302958547,476512
2022-06-15,39.89668655395508,40.131097172458716,39.14657329010787,39.66227593545144,772226
2022-06-16,39.19345474243164,41.25626890294324,38.91216271527601,40.318626427876346,506942
2022-06-17,38.724632263183594,39.24033489256982,38.39645883816202,39.05280926502724,678293
2022-06-20,39.24033737182617,39.334103768343816,37.83387361546219,38.39646126410116,1200640
2022-06-21,39.615394592285156,39.662276000698576,38.44334149783885,39.19345476292005,285387
2022-06-22,38.959041595458984,40.83432642389814,38.2558097847943,40.08421320788687,481726
2022-06-23,38.06828308105469,39.849805215536975,37.83387246213976,39.849805215536975,1304738
2022-06-24,39.80292510986328,40.084217146403404,37.92764009716605,38.068284327024955,630020
2022-06-27,41.39691162109375,41.49067442635682,38.91215793658323,38.95903933921476,638522
2022-06-28,42.70961380004883,43.272201428233195,41.35003150296433,41.7250899217539,1156154
2022-06-29,42.6627311706543,43.5066108003631,42.19390994899876,43.41284440993875,375133
2022-06-30,41.20938491821289,42.944021957911175,41.16250351275493,42.944021957911175,1556998
2022-07-04,40.78744888305664,41.30315154437451,40.36550904131573,41.06874091860982,481744
2022-07-05,40.64679718017578,41.35002899005302,39.990450352414584,40.78744497288001,1178761
2022-07-06,38.583988189697266,40.553035900981406,38.25581118660185,39.70915626653272,1032281
2022-07-07,39.94356918334961,40.08421698948021,38.58399041592448,38.58399041592448,815796
2022-07-08,40.0842170715332,41.16250738254898,39.70915863896538,40.97497816626507,383461
2022-07-11,38.724632263183594,39.94356672632069,38.58398804252666,39.380982690048825,338455
2022-07-12,38.63086700439453,39.75603858254619,38.3026900233218,38.7246298122314,581393
2022-07-13,38.86527633666992,39.287216111855436,38.02139678629889,38.4433365614844,219039
2022-07-14,39.42786407470703,39.8498038900841,38.91216144561153,39.28721985412939,529454
2022-07-15,37.45881652832031,39.66227485129477,37.224405916224214,38.537103197869094,622909
2022-07-18,37.083763122558594,37.599465823397814,36.70870823868578,37.50570299663525,1205174
2022-07-19,39.00592803955078,39.28722366161169,37.78699345896902,38.396462537671106,1625477
2022-07-20,41.06874084472656,41.818854130459655,39.05281161287026,39.66227709266865,3132810
2022-07-21,41.11561584472656,41.537555619930245,40.83432385353135,41.11561584472656,262678
2022-07-22,41.30315017700195,42.10014842431005,41.256268768765516,41.725090004774216,466781
2022-07-25,40.599918365478516,41.443798021906204,40.50615554890752,41.443798021906204,291334
2022-07-26,40.834327697753906,42.2407913629589,40.31862506920982,40.97497549500323,606025
2022-07-27,41.06874084472656,42.0063833460985,40.834330219383574,41.303151470069544,232179
2022-07-28,41.06874084472656,41.67820990134724,39.943569127715776,41.06874084472656,366287
2022-07-29,42.47520446777344,44.39737087438321,40.55303806116366,41.67820977475694,2586422
2022-08-01,40.74056625366211,43.50661227024584,40.3655078329374,43.50661227024584,1490514
2022-08-02,41.81885528564453,42.19391372728266,40.1310994519177,40.64680212655335,1147272
2022-08-03,41.81885528564453,42.85026421173821,39.84980740910029,42.85026421173821,888791
2022-08-04,42.00638198852539,42.85026164321633,40.928095292889374,42.85026164321633,391819
2022-08-05,42.193912506103516,42.756496575455984,42.053264700354255,42.756496575455984,254079
2022-08-08,42.28767395019531,42.75649518501709,41.11562086314087,41.11562086314087,340420
2022-08-09,41.86573791503906,42.475203377339966,41.584442311245525,42.287674167085,187493
2022-08-10,40.74056625366211,41.9126193473991,40.3655078329374,41.30315030792699,445444
2022-08-11,42.28767395019531,42.56896955254611,40.693684613259,41.5375606898449,528621
2022-08-12,42.381439208984375,42.381439208984375,41.77197018929862,41.77197018929862,56539
2022-08-15,42.89714050292969,44.06919352213542,41.30314768144551,41.30314768144551,211300
2022-08-16,42.10015106201172,43.600377680504415,42.006384662841924,43.600377680504415,501500
2022-08-17,42.147029876708984,42.56896970492336,41.818852865065715,42.2407926932801,682084
2022-08-18,42.94402313232422,43.4597257601089,42.19390989401721,42.38143909779948,488565
2022-08-19,43.08467483520508,43.64725892073084,42.70961639363964,43.41284828895804,156457
2022-08-22,42.147029876708984,43.13155375799442,42.00638207503013,43.13155375799442,228102
2022-08-23,40.64679718017578,42.709611204513415,40.45927155899941,41.58443959334544,718980
2022-08-24,39.47474670410156,41.16250601787985,39.193454677412575,41.16250601787985,363161
2022-08-25,39.75604248046875,39.84980529749869,39.28722124167465,39.61539467810164,213821
2022-08-26,40.0842170715332,40.0842170715332,39.474748012816065,39.474748012816065,695569
2022-08-29,38.39645767211914,39.84980270237062,38.02139927477981,39.84980270237062,570156
2022-08-30,38.959041595458984,39.146570793667294,38.068280586586,38.4902203883492,340700
2022-08-31,39.94356918334961,40.83433027625807,38.49022401956332,39.19345589657175,810321
2022-09-01,39.99045181274414,40.646798664473124,38.63086954863594,39.19345358635281,513638
2022-09-02,40.27174377441406,41.256267627431534,39.521630532916085,39.61539334679505,708993
2022-09-05,39.3341064453125,40.74057029739646,38.490226703333114,40.224867600330185,851848
2022-09-06,39.94356918334961,40.31862761514968,39.28722229293291,39.89668777358017,452104
2022-09-07,40.50615692138672,40.83433036732696,39.38098520029942,39.38098520029942,447049
2022-09-08,39.47474670410156,40.78744759774641,39.24033608572371,40.50615557105742,444105
2022-09-09,39.89668655395508,41.068739646473276,38.86528126326794,39.09969188177158,377311
2022-09-13,40.177978515625,40.92809535507768,40.13109710736475,40.787447553474756,356737
2022-09-14,38.771514892578125,39.568513142052595,38.67775207585039,39.005925511219644,476602
2022-09-15,38.30269241333008,38.44334021068335,37.41193495283287,38.44334021068335,840358
2022-09-16,39.19345474243164,39.334102544420546,37.786991029831306,38.30269367575366,561079
2022-09-19,39.89668655395508,40.50615559279341,37.97452019758967,38.63087064476429,614820
2022-09-20,40.553035736083984,40.693683533527555,39.52163047757137,40.693683533527555,517902
2022-09-21,38.44334030151367,39.89668537803575,37.78698987368439,39.287219933983046,656296
2022-09-22,37.03688049316406,39.56851607768154,35.724179500652056,38.021404449136845,1585863
2022-09-23,35.208473205566406,37.50569791843497,34.97406259357619,37.50569791843497,282805
2022-09-26,34.31771469116211,34.88030234745045,33.14566154492266,34.88030234745045,685003
2022-09-27,35.39600372314453,35.72417716137195,34.6927718610953,34.6927718610953,304200
2022-09-28,33.28630828857422,35.44288529331458,32.86436845405883,35.44288529331458,755917
2022-09-29,33.47383499145508,34.458358813622766,33.192542981810305,33.75512700109985,281254
2022-09-30,34.13018798828125,35.3491225071151,33.05189769653079,33.33318972751979,831957
2022-10-03,34.41147994995117,35.1147118144182,32.91124982632817,34.13018791952881,370488
2022-10-05,37.92763900756836,38.25581244463358,35.86482483749815,35.958587654710435,941095
2022-10-06,37.8338737487793,38.06828437566596,36.61493920433308,37.92764014562735,306957
2022-10-07,37.45881652832031,38.58398818174598,37.27128732327902,38.0682819736769,170652
2022-10-10,36.05235290527344,37.50569798690145,35.63041308755638,37.50569798690145,411454
2022-10-11,34.739654541015625,35.48976783928419,34.41148109078011,34.41148109078011,354768
2022-10-12,33.23942565917969,34.36459731763517,32.6768380415409,34.036420313140354,585876
2022-10-13,33.56760025024414,33.98954008389138,33.192545402308326,33.239426811197525,555027
2022-10-14,32.81748580932617,34.88029991841967,29.535737228393554,33.38006984961435,1449796
2022-10-17,35.4428825378418,35.771059528872065,31.41102087255046,31.83296067426254,1244469
2022-10-18,35.63041305541992,35.911705074703555,33.05189632114611,35.44288385029014,606654
2022-10-19,35.911705017089844,36.380526240751124,34.13018651327022,35.63041299825749,527100
2022-10-20,35.34912109375,35.9117051332342,33.942657418217415,35.9117051332342,200258
2022-10-21,35.63041305541992,36.66181831840061,34.31771219633351,34.97406262587671,227076
2022-10-24,35.25535583496094,36.849348767125186,34.83341958020699,35.63041425787801,1172518
2022-10-25,34.31771469116211,36.09923690417501,33.333190763685444,35.25535720815367,586966
2022-10-26,35.536651611328125,35.771062232572184,33.89577726261972,34.64589053523626,382700
2022-10-27,34.59900665283203,37.13063831982104,34.45835885941177,35.724174692906274,388872
2022-10-28,33.28630828857422,35.02094545879919,32.489313605351335,34.69277201907735,446282
2022-10-31,33.52071762084961,34.92718129724889,33.286307008116395,34.92718129724889,530000
2022-11-01,35.4428825378418,35.86482233955388,33.145657907917744,33.145657907917744,342387
2022-11-02,38.724632263183594,38.724632263183594,34.411478446907076,34.411478446907076,465177
2022-11-03,35.208473205566406,38.44334036639584,34.786533388619596,38.44334036639584,589056
2022-11-04,36.47429275512695,36.94311398037629,34.78653348277168,35.34912109916414,711666
2022-11-07,38.021400451660156,38.86528008338336,36.00547133982238,36.661818190249235,1586200
2022-11-08,36.47429275512695,38.443340470445314,36.00547152987762,38.443340470445314,339320
2022-11-09,36.84934616088867,38.30269118746301,36.47429134132023,38.255809782119705,531600
2022-11-10,34.927181243896484,36.802466142897636,34.27083081388166,36.802466142897636,429500
2022-11-11,38.16204833984375,38.30269256091689,35.161591791596436,35.63041301548439,910220
2022-11-14,39.28722381591797,41.021861082387076,38.16205205372229,38.16205205372229,855300
2022-11-15,39.380985260009766,40.78744901929583,38.1620507173263,39.28722244011961,322400
2022-11-16,39.28722381591797,40.31862917811759,38.9121653695786,39.380986639091596,1010895
2022-11-17,38.91215896606445,39.427861562298524,37.7401059851589,38.20892717752112,291352
2022-11-18,37.8338737487793,39.84980657073356,37.69322951874068,39.84980657073356,258218
2022-11-21,38.16204833984375,38.6308695637317,36.61493687028467,36.66181827730905,117385
2022-11-22,38.16204833984375,39.28721999253925,37.64634570893142,38.16204833984375,537211
2022-11-23,37.22440719604492,38.0682832825111,37.03687798455614,37.55258063353362,469800
2022-11-24,37.740108489990234,38.30269252743517,37.27128726651209,38.30269252743517,109819
2022-11-25,37.786991119384766,38.39646016035153,37.17752565524019,37.74010971088475,42800
2022-11-28,37.27128982543945,37.78699249130748,36.19299950667894,37.13064201801075,130400
2022-11-29,38.34957504272461,38.81839623602529,36.989992866788256,37.13063707868535,788400
2022-11-30,40.0842170715332,40.22486487795172,38.818401121055814,38.86528253092121,811100
2022-12-01,40.177978515625,41.725090025968434,39.80292367272084,40.64679975187184,1101800
2022-12-02,40.0842170715332,40.13109848139861,39.09969315707053,40.0842170715332,191850
2022-12-05,42.24079132080078,42.70961254206787,39.14657197580237,40.693683436712604,1173753
2022-12-06,41.25626754760742,42.19390999187123,40.08421449227767,42.19390999187123,383000
2022-12-07,40.03733444213867,42.19391142165903,39.521631795682836,41.25626894562216,381137
2022-12-08,40.45927429199219,41.86573800675221,39.19345480261485,39.19345480261485,586206
2022-12-09,42.381439208984375,42.85026043125893,40.17797731820072,40.459272913023106,483200
2022-12-12,41.44379425048828,41.959496848343775,40.03733066897955,40.03733066897955,168320
2022-12-13,42.89714050292969,42.99090331373736,41.25626627604167,41.72508748372396,470200
2022-12-14,43.365966796875,43.97543586907355,42.47520568243958,43.131556165540545,842451
2022-12-15,42.47520446777344,44.67866648539824,41.81885400344217,44.02231602106697,681204
2022-12-16,41.39691162109375,41.77196641896777,39.521626901258415,40.31862147645973,1087522
2022-12-19,41.81885528564453,43.03779343255727,40.59992071555418,41.39691900982961,95422
2022-12-20,41.11561584472656,41.95949539513393,40.74056104874019,41.818847611125456,536300
2022-12-21,40.78744888305664,41.67820997632693,39.61539575423318,41.25627013458603,420505
2022-12-22,41.53756332397461,42.14703239862163,40.31862875150295,40.31862875150295,499875
2022-12-23,39.615394592285156,41.86573796435094,39.28722115656907,41.86573796435094,383000
2022-12-28,41.39691162109375,41.95949560631565,40.50615066380762,41.068734649029516,581845
2022-12-29,41.25626754760742,42.147028585022454,39.943566694909265,40.08421449227767,236000
2022-12-30,41.350032806396484,42.14703107724171,40.928096542985685,41.068740771848525,355961
2023-01-03,42.5689697265625,43.131553779919535,40.45927416124035,41.912619279764506,1252158
2023-01-04,43.412841796875,45.00683456992418,42.240788813283224,43.83478158633241,816172
2023-01-05,44.162960052490234,44.81931051388979,43.459728181738335,43.88166801955393,1227500
2023-01-06,42.70961380004883,44.069196097133336,41.4437978960728,44.069196097133336,1795700
2023-01-09,44.30360794067383,44.44425574581757,43.36596544457491,43.506613249718654,781304
2023-01-10,44.06919860839844,44.49113845937524,43.31908530489656,44.49113845937524,1404096
2023-01-11,43.365966796875,44.30360932221284,42.70961631377404,44.30360932221284,593250
2023-01-12,43.60037612915039,44.069197377850934,43.17843628995545,44.069197377850934,418800
2023-01-13,43.365966796875,43.7879066486415,42.66273490287163,43.7879066486415,542500
2023-01-16,43.45972442626953,43.64725362429627,42.70961121098454,43.41284302096834,1894900
2023-01-17,43.412841796875,43.88166299031171,42.99090200741759,43.55348958563475,1104140
2023-01-18,42.80337905883789,43.365963095291214,42.28767285246325,43.365963095291214,799000
2023-01-19,42.10015106201172,42.70961656091458,41.44380057511277,42.70961656091458,896054
2023-01-20,44.06919860839844,44.81931191190032,41.303152448464274,41.53756307936001,848033
2023-01-26,48.10105895996094,48.14794036903638,43.64725713817155,44.06919697349499,1530066
2023-01-27,48.10105895996094,48.28858817308494,47.25718286613629,47.77288551961062,1157140
2023-01-30,46.69459533691406,48.75740953249965,46.413303304975635,46.413303304975635,785950
2023-01-31,46.92900466918945,48.898055992257035,46.225772820270066,46.225772820270066,545906
2023-02-01,46.88212585449219,47.913531192562075,46.08513114569475,46.507067416927306,694973
2023-02-02,48.71052551269531,49.788812173472735,47.30406185155967,47.397824664906565,1395866
2023-02-03,48.80428695678711,49.22622675865425,47.819763136978416,48.56987635317447,1291462
2023-02-06,50.16387176513672,50.63269299658659,47.63223639994296,48.66364525522597,2362847
2023-02-07,49.648170471191406,51.10151561270197,48.99182001401244,50.25763594249726,1781709
2023-02-08,51.89851379394531,52.46110147092958,49.507526003024,50.3982871422989,1955770
2023-02-09,51.10151290893555,51.757863331387206,50.86710229926153,51.47657131514279,1525506
2023-02-10,50.023223876953125,51.33592475343183,49.78881326164065,51.101514138119356,826600
2023-02-13,49.50752258300781,49.92946241739247,48.335469474618314,49.92946241739247,870600
2023-02-14,49.92945861816406,50.11698781660137,49.226226806640625,49.50751881588561,410700
2023-02-15,48.89805603027344,50.58581175362771,48.38234981254056,50.58581175362771,361000
2023-02-16,49.31999588012695,50.11699418048328,47.913532078486575,48.66364896748604,769878
2023-02-17,49.69504928588867,50.445162522009376,47.81976440717589,47.91352722038271,340696
2023-02-20,49.7419319152832,50.023223938640626,48.757408045121146,48.757408045121146,205010
2023-02-21,49.038700103759766,50.44516379838092,49.038700103759766,50.44516379838092,584900
2023-02-22,50.351402282714844,50.39828369171479,49.50752261342701,49.50752261342701,480630
2023-02-23,48.2885856628418,50.116989136313805,48.2885856628418,49.64816791628622,740540
2023-02-24,49.132469177246094,50.632695769311574,48.804292151166415,49.69505325506507,642100
2023-02-27,50.023223876953125,50.21075308456753,48.007294731359124,48.2417053466716,674684
2023-02-28,49.788814544677734,50.3514021820186,49.41375969660605,49.695051726865366,955500
2023-03-01,50.492042541503906,50.72645314490332,49.92945852407411,50.30451692024194,551576
2023-03-02,50.632694244384766,50.820223456950636,49.788814576249464,50.257635819253025,593580
2023-03-03,49.41375732421875,50.63269178136877,48.94493610402089,50.63269178136877,737000
2023-03-06,51.28904342651367,52.22668588924034,50.07010894033342,50.07010894033342,1314534
2023-03-07,50.632694244384766,52.320450003833145,50.351402213947075,51.148396896324236,863088
2023-03-08,50.632694244384766,51.523455321455984,49.60128894050582,50.632694244384766,469000
2023-03-09,50.773338317871094,51.61721434718748,50.632690524574045,51.57033294169579,563600
2023-03-10,51.33592224121094,53.0236778735028,50.58580902428366,52.32044606197936,2749130
2023-03-13,52.69550704956055,52.78926986497795,50.44516371132154,52.13291942658973,1680500
2023-03-14,51.94539260864258,52.97679786195175,51.57033420189994,52.6955058453058,1335300
2023-03-15,51.52345275878906,52.507976604763975,51.101512945707796,51.94539257187032,892524
2023-03-16,49.27311325073242,50.9139876454169,47.81976807366206,50.9139876454169,1340104
2023-03-17,51.75786590576172,51.75786590576172,49.27311188889963,49.27311188889963,1289172
2023-03-20,49.83570098876953,51.47657538625911,49.226231924687326,51.47657538625911,1214976
2023-03-21,50.11699295043945,50.25763718105815,48.99182122137827,49.835700912379735,959413
2023-03-22,51.054630279541016,52.039154101226856,50.58580907142185,50.63269047686938,1834834
2023-03-23,52.2266845703125,52.2266845703125,50.53892889539133,51.57033414761481,654300
2023-03-24,53.58626937866211,54.57079327126495,53.02368174230176,53.726913605135536,1227812
2023-03-27,52.92991638183594,53.72691102403007,52.64862436558048,53.58626680431337,625094
2023-03-28,52.97679901123047,53.68003085651229,52.78926980379089,53.68003085651229,319056
2023-03-29,53.44561767578125,54.14884948730469,53.117444261132434,53.914438883463546,935161
2023-03-30,52.601741790771484,53.44562145500037,51.242163053812575,53.44562145500037,872100
2023-03-31,52.179805755615234,52.92991902874871,51.242163269992844,52.60174201268753,4321722
2023-04-03,51.570335388183594,52.78926987290351,50.679574334296,52.78926987290351,1509581
2023-04-04,51.47657012939453,51.71098073366896,51.10151173182665,51.570332940375515,552700
2023-04-06,51.570335388183594,51.945393803553785,51.10151415738193,51.47657257275211,955320
2023-04-11,51.570335388183594,51.71098318815295,50.25763451121007,50.25763451121007,381863
2023-04-12,51.195274353027344,52.507975162826796,50.585808930266275,52.507975162826796,1021167
2023-04-13,51.75786590576172,51.99227652709504,49.882580935095156,50.35140217776179,1089207
2023-04-14,54.85208511352539,55.133377142332876,51.851628460327085,52.41421609476426,5162260
2023-04-17,56.72737121582031,57.243073875145136,53.96132512712247,55.039615432201686,2248312
2023-04-18,55.78972625732422,57.055542145038864,54.75832098413615,57.055542145038864,1249800
2023-04-19,56.258544921875,59.68094116868451,55.274021101106584,55.78972371419271,2902400
2023-04-20,56.30542755126953,58.086949609918484,55.930372723063776,56.25854614484657,601530
2023-04-21,56.07101821899414,56.77425006181636,55.60219699044599,56.25854742577782,230320
2023-04-24,56.07101821899414,56.352310240758605,55.13337576189784,55.320904968681525,375794
2023-04-25,55.08649444580078,56.727368748441656,54.8520838311378,56.35231033425203,676473
2023-04-26,55.3677864074707,56.11789965820735,53.44562008470114,55.60219702187729,739642
2023-04-27,53.96131896972656,55.695959541839116,52.64862176639957,55.695959541839116,1786942
2023-04-28,54.008201599121094,54.664552004084356,53.77379099569293,54.05508658126429,979712
2023-05-02,55.274024963378906,56.117901050079695,54.945847948976756,55.60219840095884,3216197
2023-05-03,54.69456100463867,56.02857247127697,53.93226458381824,56.02857247127697,938800
2023-05-04,52.93175506591797,55.12334818814911,52.36003638530071,54.694560995135525,1283004
2023-05-05,54.646915435791016,55.4568544843203,53.8846226403331,54.313413473684044,1747544
2023-05-08,54.69456100463867,54.98042034499697,53.97991083629356,53.97991083629356,246844
2023-05-09,52.78882598876953,54.69455972648831,52.455320403729566,54.69455972648831,696124
2023-05-10,52.55060958862305,53.74169318188378,50.50194435425512,53.74169318188378,698375
2023-05-11,52.455322265625,52.788827862502714,51.502455362943714,52.40767964747069,465853
2023-05-12,53.69404602050781,54.78984436170128,51.264236258403386,54.21812570058209,956469
2023-05-15,57.029083251953125,57.076729505491144,53.55112120270726,53.6940490586249,1830943
2023-05-16,56.505008697509766,57.26730152094468,55.599784379412526,57.07673104126013,719525
2023-05-17,55.50449752807617,56.790866403093524,55.31392341902576,56.790866403093524,890900
2023-05-18,55.409210205078125,57.45787180427487,55.123347234814645,56.60029379818042,553264
2023-05-19,55.0280647277832,55.8380001572629,54.0275551869851,55.8380001572629,496100
2023-05-22,56.266788482666016,56.69557930523153,53.59876194822309,55.170993752663776,371700
2023-05-23,54.2181282043457,55.74271379433379,54.2181282043457,55.64742855804657,628700
2023-05-24,50.50194549560547,53.36054618403597,49.59672121728939,53.36054618403597,1749483
2023-05-25,49.97787094116211,50.406661784374144,47.357486897520516,50.07315617969863,2217530
2023-05-29,50.883094787597656,51.83596170395792,50.31137245684221,50.835448533860585,1285959
2023-05-30,51.55009841918945,52.16946336515539,50.88309448956313,52.16946336515539,390531
2023-05-31,49.8825798034668,51.55009684645621,48.45327948090444,51.55009684645621,1180341
2023-06-01,49.50143814086914,51.454814636189134,48.97736205210996,50.406662458670766,718884
2023-06-02,50.93073654174805,51.59774409885573,49.7396529165196,49.7396529165196,766200
2023-06-05,50.597232818603516,51.88360536240463,50.597232818603516,51.88360536240463,662254
2023-06-06,52.121822357177734,52.26475021727184,50.644879326811875,50.978381301930355,1016752
2023-06-07,51.59774398803711,53.16997218902266,51.35952726350305,52.55061088617335,265400
2023-06-08,51.97888946533203,53.97991216696527,51.74067273667799,53.26526198100314,430319
2023-06-09,53.02704620361328,53.69405014789108,52.26474975032629,52.83647209029154,247889
2023-06-12,51.26424026489258,53.97991320469503,50.787806798425365,53.027046271760604,772071
2023-06-13,51.55009841918945,52.21710598371458,50.64487776186836,52.12182074659619,564800
2023-06-14,51.59774398803711,52.169462672959355,50.78780494368205,51.550097735211295,320413
2023-06-15,52.455322265625,52.69353899129532,51.69302947045973,52.16946292180037,448212
2023-06-16,52.645896911621094,53.122330367834856,51.645387380551945,52.31239494623098,841262
2023-06-19,52.217105865478516,52.83647081004201,51.35952782865844,52.83647081004201,466500
2023-06-20,51.835960388183594,52.88411251561466,51.45481217735481,52.88411251561466,331843
2023-06-21,49.93022537231445,51.26423680751452,49.12028635300501,50.54958665601135,1200162
2023-06-23,49.215576171875,50.454302398105135,49.025002067478354,49.8825800849152,828339
2023-06-26,49.215576171875,50.64487650250178,48.50092600656161,48.50092600656161,387268
2023-06-27,49.834938049316406,50.31137149842058,48.59621180862531,48.691497044486646,1098038
2023-06-28,48.92971420288086,49.787295872831734,48.405638131199225,49.83493849118483,977374
2023-06-29,48.78678512573242,49.54907790498319,48.07213496364132,49.26321856712649,1368200
2023-06-30,50.0255126953125,50.31137204087739,48.4056382239131,49.02500316838601,598149
2023-07-03,49.8825798034668,51.216594891817806,49.73965195214978,50.59722996474798,998891
2023-07-04,50.311370849609375,50.50194495377316,49.07264462489279,49.59672068516919,807200
2023-07-05,50.16844177246094,50.692517819938494,49.882578805747166,50.692517819938494,1266095
2023-07-06,49.0726432800293,50.59722880176008,48.357993135174496,50.59722880176008,1241745
2023-07-07,49.54907989501953,49.692011387137775,48.45328148184322,49.0726464344905,722674
2023-07-10,51.78831481933594,52.40767976138454,50.40666071536391,50.78780529632563,2468749
2023-07-11,54.78984451293945,55.26627794348675,51.97888654573066,54.31341108239215,1863766
2023-07-12,56.40972137451172,56.695580718380945,54.12283935376037,54.78984691272108,1289350
2023-07-13,56.505008697509766,56.64794019217208,55.55214175949139,56.40972345766749,528935
2023-07-14,57.07672882080078,57.648447507410644,55.83799894164816,56.98143994976663,1837781
2023-07-18,54.646915435791016,56.69558073130176,52.93175573728601,56.69558073130176,3512239
2023-07-19,55.742713928222656,56.12386214408454,54.31341357108874,54.980421131397655,711328
2023-07-20,56.79086685180664,57.36258918347512,56.45736488450748,56.981440962362804,1256324
2023-07-21,55.59978485107422,57.07673152545099,54.17048443192168,57.07673152545099,1777428
2023-07-24,55.36156463623047,55.98092956624199,54.6945607237857,55.59978135778895,928549
2023-07-25,56.88615417480469,57.17201351540195,55.69507055990048,57.17201351540195,484547
2023-07-26,55.742713928222656,56.88615494090954,55.26628047584468,56.88615494090954,1887645
2023-07-27,55.742713928222656,56.6955808329786,55.1709952393286,56.6955808329786,1234596
2023-07-28,53.64640426635742,55.74271211563452,53.455830164623386,55.12334719372356,3172954
2023-07-31,52.645896911621094,53.83698055215551,52.31239494623098,53.83698055215551,2020500
2023-08-01,52.40768051147461,54.74220518851097,52.169463781877,54.027554999718134,1417719
2023-08-02,52.02653121948242,52.50296466887292,51.45481253417333,52.40767943295432,820519
2023-08-03,52.02653121948242,52.26474794417767,50.1684436747785,51.55009777009193,1353509
2023-08-04,52.40768051147461,53.40819004880481,51.311882101366066,51.93124705227939,1735331
2023-08-07,52.83646774291992,53.55111788290108,52.26474544999585,52.741178876649954,466333
2023-08-08,50.54958724975586,53.78933609524975,50.45430201572903,53.360545272331635,2171500
2023-08-09,52.40768051147461,52.78882873279032,51.40717097414441,51.55009883096368,868540
2023-08-10,53.312904357910156,54.12283977770025,51.97888922953951,52.407680066151414,403521
2023-08-11,53.36054611206055,54.31341300691877,52.741181176443206,54.31341300691877,454387
2023-08-14,54.122840881347656,54.122840881347656,52.59825524774869,53.83698152941021,464921
2023-08-15,52.5982551574707,53.93226667585543,52.45532366429787,53.93226667585543,798786
2023-08-16,51.931243896484375,53.16997008813639,51.59774194927373,53.16997008813639,813900
2023-08-17,53.69404602050781,53.83697750323691,50.8354454451147,51.31187887434689,940557
2023-08-18,51.07366180419922,53.312901086941956,50.406657915836156,51.93124342480683,1473491
2023-08-21,50.93073654174805,52.02653129601896,50.69251981670236,51.45481260986881,622430
2023-08-22,50.883094787597656,51.31188199204072,49.54907965073376,50.9307374064359,793600
2023-08-23,51.12131118774414,52.1694633350365,50.978379697250276,51.64538726139032,163154
2023-08-24,51.26424026489258,52.312396072059784,50.40666220619092,52.312396072059784,938450
2023-08-25,49.93022537231445,50.26372732238981,48.88206963583728,48.88206963583728,811672
2023-08-28,49.69200897216797,51.21659451780838,49.59672010375378,49.644362720511545,1045888
2023-08-29,49.834938049316406,50.12079739179916,49.64436394269499,50.025512155937825,454900
2023-08-30,49.739654541015625,50.35901586542349,49.31086369494933,50.02551389342686,716618
2023-08-31,48.83442687988281,49.97786784600125,48.262708214272905,49.07264359637004,1082172
2023-09-04,50.12080001831055,50.1684462736368,48.8344310922784,48.8344310922784,443941
2023-09-05,48.453277587890625,50.31136866160794,48.2627071269133,50.31136866160794,714700
2023-09-06,47.357486724853516,48.453281503623565,46.785764391022376,48.453281503623565,1279237
2023-09-07,46.40461730957031,47.54805828088492,46.11875797546632,47.35748417984938,1348950
2023-09-11,46.309329986572266,46.88105230875266,45.26117784825636,46.40461885771838,2428201
2023-09-12,47.2621955871582,47.405127072492014,45.73761003979129,46.83340840095409,1796365
2023-09-13,47.16691207885742,48.88207179110884,47.11926946030298,48.500927207774524,448619
2023-09-14,46.11875915527344,47.3098427735925,45.642325707945815,45.97582766711566,643754
2023-09-15,47.64334487915039,47.88156160354614,46.499903875071034,46.499903875071034,1081810
2023-09-18,46.40461730957031,48.26270843359423,46.07111172403346,47.59570089741915,561201
2023-09-19,45.737613677978516,47.35748822272004,44.78474672635396,47.11927148481391,2152716
2023-09-20,45.0229606628418,45.73761083209325,44.64181245194819,45.73761083209325,498934
2023-09-21,44.689456939697266,45.02295888488513,44.11773464593418,44.97531626912952,1016749
2023-09-22,44.97531509399414,45.022957708504926,43.59365746379048,43.83187417124289,484250
2023-09-25,43.97480773925781,44.83238574589756,43.40308543326598,44.83238574589756,617600
2023-09-26,42.92665100097656,43.64130114073166,41.02091729496296,43.64130114073166,1501924
2023-09-27,42.87901306152344,43.164872421620466,41.97378872546704,42.259648085564066,1564040
2023-09-28,42.35493087768555,43.83187372176534,41.116204738615345,42.87900690172697,1070300
2023-09-29,43.927162170410156,44.213025145299,41.8308579205501,41.8308579205501,1323480
2023-10-03,44.308311462402344,44.6418134280523,43.021942583582444,44.02245211543112,930000
2023-10-04,42.78372573852539,43.784235267643496,42.30729228324069,42.974296212720226,992821
2023-10-05,43.879520416259766,44.54652797929311,43.49837583373985,43.64130368909777,502100
2023-10-06,44.403594970703125,44.737100558265325,43.92716153267026,43.92716153267026,615923
2023-10-09,44.07009506225586,45.213536093553614,43.59366160212336,44.975319363487365,745412
2023-10-10,43.11722946166992,45.451754214751176,42.59315336646367,44.59417250630534,686000
2023-10-11,42.259647369384766,43.11722907004128,39.305761306943715,43.11722907004128,2723454
2023-10-12,43.16487121582031,43.355445328861016,41.92614493340405,42.11671904644476,1118247
2023-10-13,42.78372573852539,43.06958508471645,41.78321257450848,41.78321257450848,1727029
2023-10-16,42.4025764465332,43.307800715629945,42.354933829191,42.87900988975267,251919
2023-10-17,42.83136749267578,43.45072879110701,41.25913566800665,41.25913566800665,776282
2023-10-18,43.784236907958984,43.83187952829256,42.831369961691756,42.97429782269248,345786
2023-10-19,42.78372573852539,44.16537985093198,42.40257752033811,43.11722770326516,240109
2023-10-20,43.64130401611328,43.64130401611328,41.68792756572753,41.68792756572753,278974
2023-10-24,43.784236907958984,44.16538150552652,43.35544605515894,44.070096264859366,484900
2023-10-25,43.83187484741211,45.928182632311525,43.593658136284866,44.355950884912325,398991
2023-10-26,43.879520416259766,44.213026015225836,42.783725652253864,43.40308696193578,386563
2023-10-27,42.736080169677734,43.736593349722106,42.40257819959552,42.974296901136135,2047016
2023-10-30,44.02245330810547,44.737103512344525,42.73608075953583,42.73608075953583,507207
2023-10-31,44.78474426269531,45.68996854392103,44.070094088290595,44.451242301932616,1620977
2023-11-01,43.021942138671875,44.737101837660724,41.68792702007012,44.45124249364571,2158415
2023-11-02,42.92665100097656,43.83187523831274,42.92665100097656,43.83187523831274,471333
2023-11-03,44.2130241394043,44.97531690700121,43.30779988761481,43.30779988761481,1843012
2023-11-06,43.83187484741211,44.975315787802565,43.403084040403364,44.59416759603957,328205
2023-11-07,44.07009506225586,45.02296198252085,43.35544487205711,44.11773768128934,205699
2023-11-08,44.11773681640625,44.11773681640625,43.16486991482124,43.8318774729105,443400
2023-11-09,43.97480773925781,44.689457895573604,43.68894476881257,44.40359492512836,514482
2023-11-10,43.736595153808594,44.26067125765487,42.54551144738569,43.974811895093175,297090
2023-11-13,42.78372573852539,43.26015919381009,42.069075555598346,43.26015919381009,359488
2023-11-14,42.49786376953125,42.68843788316345,41.92614506353353,41.92614506353353,438315
2023-11-15,43.45072937011719,43.546018241460125,42.879010681654634,42.879010681654634,663000
2023-11-16,42.83136749267578,43.403086173519796,42.402576664593404,42.879010110262996,425419
2023-11-17,40.02041244506836,41.973788992193086,38.25761001751899,41.926146371024,4011937
2023-11-20,41.449710845947266,41.973786922766834,40.4492013111283,40.496843929948476,417626
2023-11-21,41.973785400390625,42.593150327285194,40.92563328476764,41.78321129712317,392600
2023-11-22,43.26015853881836,43.26015853881836,41.44970998218856,41.97378604808706,940600
2023-11-23,42.92665100097656,43.54601590939041,42.11671562988022,42.11671562988022,1021254
2023-11-24,41.54499435424805,42.30729076323501,41.49735173741103,41.87849994190451,285300
2023-11-27,41.83085632324219,42.06907303662079,40.83034321913319,41.9261415546342,4572200
2023-11-28,42.4025764465332,42.68843578548515,41.73556889904619,42.4025764465332,2754800
2023-11-29,41.449710845947266,42.402577761946056,40.40155869230813,42.402577761946056,602640
2023-11-30,40.92563247680664,41.830856723281954,40.4968416616448,41.830856723281954,292800
2023-12-01,40.44919967651367,41.02091834904938,40.02040885466255,40.87799049836479,424818
2023-12-04,41.211490631103516,41.687924048804135,40.02040708685197,40.44919788976223,513462
2023-12-05,40.59212875366211,41.40206780494125,40.163341553754144,41.30677893337376,217340
2023-12-06,40.49684524536133,42.87901261273552,39.54397829841165,40.59213048609672,845467
2023-12-07,40.639774322509766,41.64028383027745,40.25862611245602,40.68741694004181,517948
2023-12-08,42.06907272338867,42.40257466567614,40.830342915124234,40.973274396046605,625212
2023-12-11,43.498374938964844,43.784234278699266,42.59315066739025,42.9742952420699,2279209
2023-12-12,42.4025764465332,43.49837481989748,41.16385022114231,43.49837481989748,1971105
2023-12-13,41.926143646240234,43.35544399781661,41.783212157123096,43.307801379743815,589215
2023-12-14,42.736080169677734,43.546019237575614,41.926144736678715,42.02142997530253,473745
2023-12-15,43.26015853881836,44.308310670615356,42.59315098453903,43.30780115664572,2290666
2023-12-18,42.92665100097656,43.450727043150586,42.450217574473164,43.450727043150586,542087
2023-12-19,43.11722946166992,43.73659443275846,42.45022187008971,42.87901272431263,1123960
2023-12-20,42.87901306152344,44.975321093733264,42.68843894315909,44.975321093733264,497938
2023-12-21,42.4025764465332,43.069583994020206,42.259644959607876,42.92665250709488,1844038
2023-12-22,41.735572814941406,42.54551192534734,41.16385408339525,42.40258042501128,282682
2023-12-27,41.735572814941406,42.450223046823616,40.353914972989315,41.735572814941406,408201
2023-12-28,42.450218200683594,42.83136640146831,41.735568050386235,42.59314968470252,578700
2023-12-29,42.545509338378906,43.35544476463789,41.54499616666051,43.35544476463789,1179988
